title,description,start_date,start_time,end_date,end_time,last_updated,status,tracking_number,tracking_link,last_tracked,service,tp_id,state_abbrievation
ALHB916 KC - UPS,"Tracking Number: 1Z7EX8470380129077

Track on Website: https://parcel.app/webtrack.php?platform=calendar&type=ups&code=1Z7EX8470380129077&lang=en",2024-09-19T10:30:00Z,2024-09-19T10:30:00Z,2024-09-19T13:30:00Z,2024-09-19T13:30:00Z,2024-09-19T21:29:08.020Z,cancelled,1Z7EX8470380129077,https://parcel.app/webtrack.php?platform=calendar&type=ups&code=1Z7EX8470380129077&lang=en,2024-09-19T21:29:08.020Z,UPS,ALHB916,
LA913 (Pepe) - UPS,"Tracking Number: 1ZC71G770308077869

Track on Website: https://parcel.app/webtrack.php?platform=calendar&type=ups&code=1ZC71G770308077869&lang=en",2024-09-19T11:45:00Z,2024-09-19T11:45:00Z,2024-09-19T15:45:00Z,2024-09-19T15:45:00Z,2024-09-19T21:29:08.020Z,cancelled,1ZC71G770308077869,https://parcel.app/webtrack.php?platform=calendar&type=ups&code=1ZC71G770308077869&lang=en,2024-09-19T21:29:08.020Z,UPS,LA913,
VA912 Spoob - UPS,"Tracking Number: 1ZGW61220320044402

Track on Website: https://parcel.app/webtrack.php?platform=calendar&type=ups&code=1ZGW61220320044402&lang=en",2024-09-19'T'00:00:00.000'Z',2024-09-19,2024-09-20'T'00:00:00.000'Z',2024-09-20,2024-09-19T21:29:08.020Z,cancelled,1ZGW61220320044402,https://parcel.app/webtrack.php?platform=calendar&type=ups&code=1ZGW61220320044402&lang=en,2024-09-19T21:29:08.020Z,UPS,VA912,
DC913 (BCH #4 B10) - FedEx,"Tracking Number: 778580424830

Track on Website: https://parcel.app/webtrack.php?platform=calendar&type=fedex&code=778580424830&lang=en",2024-09-19'T'00:00:00.000'Z',2024-09-19,2024-09-20'T'00:00:00.000'Z',2024-09-20,2024-09-19T21:29:08.020Z,cancelled,7.7858E+11,https://parcel.app/webtrack.php?platform=calendar&type=fedex&code=778580424830&lang=en,2024-09-19T21:29:08.020Z,FedEx,DC913,
NC916#2 Erin - UPS,"Tracking Number: 1ZC71G770315865477

Track on Website: https://parcel.app/webtrack.php?platform=calendar&type=ups&code=1ZC71G770315865477&lang=en",2024-09-20T13:15:00Z,2024-09-20T13:15:00Z,2024-09-20T15:15:00Z,2024-09-20T15:15:00Z,2024-09-20T23:29:08.782Z,cancelled,1ZC71G770315865477,https://parcel.app/webtrack.php?platform=calendar&type=ups&code=1ZC71G770315865477&lang=en,2024-09-20T23:29:08.782Z,UPS,NC916,
NC916#1 Erin - UPS,"Tracking Number: 1ZC71G770321087118

Track on Website: https://parcel.app/webtrack.php?platform=calendar&type=ups&code=1ZC71G770321087118&lang=en",2024-09-20T11:45:00Z,2024-09-20T11:45:00Z,2024-09-20T15:45:00Z,2024-09-20T15:45:00Z,2024-09-20T23:29:08.782Z,cancelled,1ZC71G770321087118,https://parcel.app/webtrack.php?platform=calendar&type=ups&code=1ZC71G770321087118&lang=en,2024-09-20T23:29:08.782Z,UPS,NC916,
TX917 Caroline  - UPS,"Tracking Number: 1ZC71G770335937129

Track on Website: https://parcel.app/webtrack.php?platform=calendar&type=ups&code=1ZC71G770335937129&lang=en",2024-09-20T10:45:00Z,2024-09-20T10:45:00Z,2024-09-20T14:45:00Z,2024-09-20T14:45:00Z,2024-09-20T23:29:08.782Z,cancelled,1ZC71G770335937129,https://parcel.app/webtrack.php?platform=calendar&type=ups&code=1ZC71G770335937129&lang=en,2024-09-20T23:29:08.782Z,UPS,TX917,
DC912#3 BCH  - UPS,"Tracking Number: 1ZC71G770324641101

Track on Website: https://parcel.app/webtrack.php?platform=calendar&type=ups&code=1ZC71G770324641101&lang=en",2024-09-20T13:15:00Z,2024-09-20T13:15:00Z,2024-09-20T17:15:00Z,2024-09-20T17:15:00Z,2024-09-23T20:29:07.988Z,cancelled,1ZC71G770324641101,https://parcel.app/webtrack.php?platform=calendar&type=ups&code=1ZC71G770324641101&lang=en,2024-09-23T20:29:07.988Z,UPS,DC912,
PA917 Afriking - UPS,"Tracking Number: 1ZC71G770302414086

Track on Website: https://parcel.app/webtrack.php?platform=calendar&type=ups&code=1ZC71G770302414086&lang=en",2024-09-23T13:00:00Z,2024-09-23T13:00:00Z,2024-09-23T17:00:00Z,2024-09-23T17:00:00Z,2024-09-25T05:29:08.208Z,cancelled,1ZC71G770302414086,https://parcel.app/webtrack.php?platform=calendar&type=ups&code=1ZC71G770302414086&lang=en,2024-09-25T05:29:08.208Z,UPS,PA917,
,,,,,,,,,,,,,
IL920 Lotto - UPS,"Tracking Number: 1ZGW61220320028626

Track on Website: https://parcel.app/webtrack.php?platform=calendar&type=ups&code=1ZGW61220320028626&lang=en",2024-09-25'T'00:00:00.000'Z',2024-09-25,2024-09-26'T'00:00:00.000'Z',2024-09-26,2024-09-25T23:29:07.824Z,cancelled,1ZGW61220320028626,https://parcel.app/webtrack.php?platform=calendar&type=ups&code=1ZGW61220320028626&lang=en,2024-09-25T23:29:07.824Z,UPS,IL920,
BFB919 Aunt - UPS,"Tracking Number: 1ZR79W270302590958

Track on Website: https://parcel.app/webtrack.php?platform=calendar&type=ups&code=1ZR79W270302590958&lang=en",2024-09-25T13:15:00Z,2024-09-25T13:15:00Z,2024-09-25T15:15:00Z,2024-09-25T15:15:00Z,2024-09-25T23:29:07.824Z,cancelled,1ZR79W270302590958,https://parcel.app/webtrack.php?platform=calendar&type=ups&code=1ZR79W270302590958&lang=en,2024-09-25T23:29:07.824Z,UPS,BFB919,
FL920 Z - UPS,"Tracking Number: 1ZGW61220328901015

Track on Website: https://parcel.app/webtrack.php?platform=calendar&type=ups&code=1ZGW61220328901015&lang=en",2024-09-26T14:30:00Z,2024-09-26T14:30:00Z,2024-09-26T16:30:00Z,2024-09-26T16:30:00Z,2024-09-26T21:29:07.956Z,cancelled,1ZGW61220328901015,https://parcel.app/webtrack.php?platform=calendar&type=ups&code=1ZGW61220328901015&lang=en,2024-09-26T21:29:07.956Z,UPS,FL920,
GA920 Lotto - UPS,"Tracking Number: 1ZGW61220331527236

Track on Website: https://parcel.app/webtrack.php?platform=calendar&type=ups&code=1ZGW61220331527236&lang=en",2024-09-26'T'00:00:00.000'Z',2024-09-26,2024-09-27'T'00:00:00.000'Z',2024-09-27,2024-09-26T21:29:07.956Z,cancelled,1ZGW61220331527236,https://parcel.app/webtrack.php?platform=calendar&type=ups&code=1ZGW61220331527236&lang=en,2024-09-26T21:29:07.956Z,UPS,GA920,
NC920 Lotto - UPS,"Tracking Number: 1ZGW61220338037459

Track on Website: https://parcel.app/webtrack.php?platform=calendar&type=ups&code=1ZGW61220338037459&lang=en",2024-09-26'T'00:00:00.000'Z',2024-09-26,2024-09-27'T'00:00:00.000'Z',2024-09-27,2024-09-26T21:29:07.956Z,cancelled,1ZGW61220338037459,https://parcel.app/webtrack.php?platform=calendar&type=ups&code=1ZGW61220338037459&lang=en,2024-09-26T21:29:07.956Z,UPS,NC920,
KS920 KC - UPS,"Tracking Number: 1ZGW61220300346294

Track on Website: https://parcel.app/webtrack.php?platform=calendar&type=ups&code=1ZGW61220300346294&lang=en",2024-09-26T14:30:00Z,2024-09-26T14:30:00Z,2024-09-26T16:30:00Z,2024-09-26T16:30:00Z,2024-09-27T07:29:08.161Z,cancelled,1ZGW61220300346294,https://parcel.app/webtrack.php?platform=calendar&type=ups&code=1ZGW61220300346294&lang=en,2024-09-27T07:29:08.161Z,UPS,KS920,
FL924 Chad #1 - FedEx,"Tracking Number: 778794283181

Track on Website: https://parcel.app/webtrack.php?platform=calendar&type=fedex&code=778794283181&lang=en",2024-09-28'T'00:00:00.000'Z',2024-09-28,2024-09-29'T'00:00:00.000'Z',2024-09-29,2024-09-28T18:29:08.077Z,cancelled,7.78794E+11,https://parcel.app/webtrack.php?platform=calendar&type=fedex&code=778794283181&lang=en,2024-09-28T18:29:08.077Z,FedEx,FL924,
TX924 Caroline - UPS,"Tracking Number: 1ZGW61220339249068

Track on Website: https://parcel.app/webtrack.php?platform=calendar&type=ups&code=1ZGW61220339249068&lang=en",2024-09-27T13:00:00Z,2024-09-27T13:00:00Z,2024-09-27T15:00:00Z,2024-09-27T15:00:00Z,2024-09-29T09:29:08.705Z,cancelled,1ZGW61220339249068,https://parcel.app/webtrack.php?platform=calendar&type=ups&code=1ZGW61220339249068&lang=en,2024-09-29T09:29:08.705Z,UPS,TX924,
FL924 (Chad #2) - UPS,"Tracking Number: 1ZC71G770330791134

Track on Website: https://parcel.app/webtrack.php?platform=calendar&type=ups&code=1ZC71G770330791134&lang=en",2024-09-30T10:30:00Z,2024-09-30T10:30:00Z,2024-09-30T12:30:00Z,2024-09-30T12:30:00Z,2024-10-02T00:29:07.801Z,cancelled,1ZC71G770330791134,https://parcel.app/webtrack.php?platform=calendar&type=ups&code=1ZC71G770330791134&lang=en,2024-10-02T00:29:07.801Z,UPS,FL924,
MD926 Seven #2 - UPS,"Tracking Number: 1ZGW61220310621539

Track on Website: https://parcel.app/webtrack.php?platform=calendar&type=ups&code=1ZGW61220310621539&lang=en",2024-10-02T15:30:00Z,2024-10-02T15:30:00Z,2024-10-02T17:30:00Z,2024-10-02T17:30:00Z,2024-10-02T19:29:08.126Z,cancelled,1ZGW61220310621539,https://parcel.app/webtrack.php?platform=calendar&type=ups&code=1ZGW61220310621539&lang=en,2024-10-02T19:29:08.126Z,UPS,MD926,
MD926 Seven #1 - UPS,"Tracking Number: 1ZGW61220312720508

Track on Website: https://parcel.app/webtrack.php?platform=calendar&type=ups&code=1ZGW61220312720508&lang=en",2024-10-02T15:30:00Z,2024-10-02T15:30:00Z,2024-10-02T17:30:00Z,2024-10-02T17:30:00Z,2024-10-02T19:29:08.126Z,cancelled,1ZGW61220312720508,https://parcel.app/webtrack.php?platform=calendar&type=ups&code=1ZGW61220312720508&lang=en,2024-10-02T19:29:08.126Z,UPS,MD926,
NC926-LOTO  - UPS,"Tracking Number: 1ZGW61220333231677

Track on Website: https://parcel.app/webtrack.php?platform=calendar&type=ups&code=1ZGW61220333231677&lang=en",2024-10-02T11:45:00Z,2024-10-02T11:45:00Z,2024-10-02T13:45:00Z,2024-10-02T13:45:00Z,2024-10-02T19:29:08.126Z,cancelled,1ZGW61220333231677,https://parcel.app/webtrack.php?platform=calendar&type=ups&code=1ZGW61220333231677&lang=en,2024-10-02T19:29:08.126Z,UPS,NC926-LOTO,
MD926 Seven #3 - FedEx,"Tracking Number: 778853926691

Track on Website: https://parcel.app/webtrack.php?platform=calendar&type=fedex&code=778853926691&lang=en",2024-10-02'T'00:00:00.000'Z',2024-10-02,2024-10-03'T'00:00:00.000'Z',2024-10-03,2024-10-02T19:29:08.126Z,cancelled,7.78854E+11,https://parcel.app/webtrack.php?platform=calendar&type=fedex&code=778853926691&lang=en,2024-10-02T19:29:08.126Z,FedEx,MD926,
NC926-LOTO - UPS,"Tracking Number: 1ZGW61220318482121

Track on Website: https://parcel.app/webtrack.php?platform=calendar&type=ups&code=1ZGW61220318482121&lang=en",2024-10-02'T'00:00:00.000'Z',2024-10-02,2024-10-03'T'00:00:00.000'Z',2024-10-03,2024-10-03T01:29:09.962Z,cancelled,1ZGW61220318482121,https://parcel.app/webtrack.php?platform=calendar&type=ups&code=1ZGW61220318482121&lang=en,2024-10-03T01:29:09.962Z,UPS,NC926-LOTO,
MD927-SVN4 - FedEx,"Tracking Number: 778875529672

Track on Website: https://parcel.app/webtrack.php?platform=calendar&type=fedex&code=778875529672&lang=en",2024-10-03'T'00:00:00.000'Z',2024-10-03,2024-10-04'T'00:00:00.000'Z',2024-10-04,2024-10-03T22:29:07.915Z,cancelled,7.78876E+11,https://parcel.app/webtrack.php?platform=calendar&type=fedex&code=778875529672&lang=en,2024-10-03T22:29:07.915Z,FedEx,MD927-SVN4,
MD930-SVN5 - FedEx,"Tracking Number: 778928088756

Track on Website: https://parcel.app/webtrack.php?platform=calendar&type=fedex&code=778928088756&lang=en",2024-10-04'T'00:00:00.000'Z',2024-10-04,2024-10-05'T'00:00:00.000'Z',2024-10-05,2024-10-05T04:29:07.814Z,cancelled,7.78928E+11,https://parcel.app/webtrack.php?platform=calendar&type=fedex&code=778928088756&lang=en,2024-10-05T04:29:07.814Z,FedEx,MD930-SVN5,
NC829 (Lotto) - UPS,"Tracking Number: 1ZC71G770329727073

Track on Website: https://parcel.app/webtrack.php?platform=calendar&type=ups&code=1ZC71G770329727073&lang=en",2024-09-06T12:30:00Z,2024-09-06T12:30:00Z,2024-09-06T15:30:00Z,2024-09-06T15:30:00Z,2024-10-06T20:42:11.034Z,cancelled,1ZC71G770329727073,https://parcel.app/webtrack.php?platform=calendar&type=ups&code=1ZC71G770329727073&lang=en,2024-10-06T20:42:11.034Z,UPS,NC829,
NC829 (Erin) - UPS,"Tracking Number: 1ZC71G770315734377

Track on Website: https://parcel.app/webtrack.php?platform=calendar&type=ups&code=1ZC71G770315734377&lang=en",2024-09-06'T'00:00:00.000'Z',2024-09-06,2024-09-07'T'00:00:00.000'Z',2024-09-07,2024-10-06T20:45:05.138Z,cancelled,1ZC71G770315734377,https://parcel.app/webtrack.php?platform=calendar&type=ups&code=1ZC71G770315734377&lang=en,2024-10-06T20:45:05.138Z,UPS,NC829,
VA829 (Lotto) - UPS,"Tracking Number: 1ZC71G770309172987

Track on Website: https://parcel.app/webtrack.php?platform=calendar&type=ups&code=1ZC71G770309172987&lang=en",2024-09-06T15:45:00Z,2024-09-06T15:45:00Z,2024-09-06T17:45:00Z,2024-09-06T17:45:00Z,2024-10-06T21:14:38.481Z,cancelled,1ZC71G770309172987,https://parcel.app/webtrack.php?platform=calendar&type=ups&code=1ZC71G770309172987&lang=en,2024-10-06T21:14:38.481Z,UPS,VA829,
TX903 (Pepe) - UPS,"Tracking Number: 1ZC71G770312537425

Track on Website: https://parcel.app/webtrack.php?platform=calendar&type=ups&code=1ZC71G770312537425&lang=en",2024-09-07'T'00:00:00.000'Z',2024-09-07,2024-09-08'T'00:00:00.000'Z',2024-09-08,2024-10-08T03:13:36.717Z,cancelled,1ZC71G770312537425,https://parcel.app/webtrack.php?platform=calendar&type=ups&code=1ZC71G770312537425&lang=en,2024-10-08T03:13:36.717Z,UPS,TX903,
GA1002-LOTO - UPS,"Tracking Number: 1ZC71G770305625914

Track on Website: https://parcel.app/webtrack.php?platform=calendar&type=ups&code=1ZC71G770305625914&lang=en",2024-10-08T14:30:00Z,2024-10-08T14:30:00Z,2024-10-08T18:30:00Z,2024-10-08T18:30:00Z,2024-10-09T10:29:08.025Z,cancelled,1ZC71G770305625914,https://parcel.app/webtrack.php?platform=calendar&type=ups&code=1ZC71G770305625914&lang=en,2024-10-09T10:29:08.025Z,UPS,GA1002-LOTO,
NC1002-LOTO - UPS,"Tracking Number: 1ZC71G770303823696

Track on Website: https://parcel.app/webtrack.php?platform=calendar&type=ups&code=1ZC71G770303823696&lang=en",2024-10-08T09:30:00Z,2024-10-08T09:30:00Z,2024-10-08T11:30:00Z,2024-10-08T11:30:00Z,2024-10-09T22:29:07.944Z,cancelled,1ZC71G770303823696,https://parcel.app/webtrack.php?platform=calendar&type=ups&code=1ZC71G770303823696&lang=en,2024-10-09T22:29:07.944Z,UPS,NC1002-LOTO,
TX904 (Caroline CJ) - UPS,"Tracking Number: 1ZC71G770320561080

Track on Website: https://parcel.app/webtrack.php?platform=calendar&type=ups&code=1ZC71G770320561080&lang=en",2024-09-09T11:15:00Z,2024-09-09T11:15:00Z,2024-09-09T15:15:00Z,2024-09-09T15:15:00Z,2024-10-10T02:04:32.237Z,cancelled,1ZC71G770320561080,https://parcel.app/webtrack.php?platform=calendar&type=ups&code=1ZC71G770320561080&lang=en,2024-10-10T02:04:32.237Z,UPS,TX904,
NC1002-LOTO - UPS,"Tracking Number: 1ZC71G770306194307

Track on Website: https://parcel.app/webtrack.php?platform=calendar&type=ups&code=1ZC71G770306194307&lang=en",2024-10-08'T'00:00:00.000'Z',2024-10-08,2024-10-09'T'00:00:00.000'Z',2024-10-09,2024-10-10T07:29:08.123Z,cancelled,1ZC71G770306194307,https://parcel.app/webtrack.php?platform=calendar&type=ups&code=1ZC71G770306194307&lang=en,2024-10-10T07:29:08.123Z,UPS,NC1002-LOTO,
LBB903 CY - UPS,"Tracking Number: 1Z2F48180310736378

Track on Website: https://parcel.app/webtrack.php?platform=calendar&type=ups&code=1Z2F48180310736378&lang=en",2024-09-09T13:45:00Z,2024-09-09T13:45:00Z,2024-09-09T17:45:00Z,2024-09-09T17:45:00Z,2024-10-10T07:38:52.975Z,cancelled,1Z2F48180310736378,https://parcel.app/webtrack.php?platform=calendar&type=ups&code=1Z2F48180310736378&lang=en,2024-10-10T07:38:52.975Z,UPS,LBB903,
VA904 (Test #1 W) - UPS,"Tracking Number: 1ZC71G770306281034

Track on Website: https://parcel.app/webtrack.php?platform=calendar&type=ups&code=1ZC71G770306281034&lang=en",2024-09-10T14:45:00Z,2024-09-10T14:45:00Z,2024-09-10T18:45:00Z,2024-09-10T18:45:00Z,2024-10-10T19:24:42.802Z,cancelled,1ZC71G770306281034,https://parcel.app/webtrack.php?platform=calendar&type=ups&code=1ZC71G770306281034&lang=en,2024-10-10T19:24:42.802Z,UPS,VA904,
VA905 (Test #2 W) - FedEx,"Tracking Number: 778405891040

Track on Website: https://parcel.app/webtrack.php?platform=calendar&type=fedex&code=778405891040&lang=en",2024-09-11'T'00:00:00.000'Z',2024-09-11,2024-09-12'T'00:00:00.000'Z',2024-09-12,2024-10-11T21:31:10.736Z,cancelled,7.78406E+11,https://parcel.app/webtrack.php?platform=calendar&type=fedex&code=778405891040&lang=en,2024-10-11T21:31:10.736Z,FedEx,VA905,
TX1008-CARL - FedEx,"Tracking Number: 779105411017

Track on Website: https://parcel.app/webtrack.php?platform=calendar&type=fedex&code=779105411017&lang=en",2024-10-11'T'00:00:00.000'Z',2024-10-11,2024-10-12'T'00:00:00.000'Z',2024-10-12,2024-10-11T23:29:08.002Z,cancelled,7.79105E+11,https://parcel.app/webtrack.php?platform=calendar&type=fedex&code=779105411017&lang=en,2024-10-11T23:29:08.002Z,FedEx,TX1008-CARL,
,,,,,,,,,,,,,
VA905 (Test #3 B2L) - UPS,"Tracking Number: 1ZC71G770324999093

Track on Website: https://parcel.app/webtrack.php?platform=calendar&type=ups&code=1ZC71G770324999093&lang=en",2024-09-11T14:45:00Z,2024-09-11T14:45:00Z,2024-09-11T18:45:00Z,2024-09-11T18:45:00Z,2024-10-13T01:17:16.362Z,cancelled,1ZC71G770324999093,https://parcel.app/webtrack.php?platform=calendar&type=ups&code=1ZC71G770324999093&lang=en,2024-10-13T01:17:16.362Z,UPS,VA905,
TP#TEST829 UPS,"Tracking Number: 1ZC71G770314385649

Track on Website: https://parcel.app/webtrack.php?platform=calendar&type=ups&code=1ZC71G770314385649&lang=en",2024-09-11T14:45:00Z,2024-09-11T14:45:00Z,2024-09-11T18:45:00Z,2024-09-11T18:45:00Z,2024-10-13T01:21:17.722Z,cancelled,1ZC71G770314385649,https://parcel.app/webtrack.php?platform=calendar&type=ups&code=1ZC71G770314385649&lang=en,2024-10-13T01:21:17.722Z,UPS,TP,
FL1008-Z - FedEx,"Tracking Number: 779105443251

Track on Website: https://parcel.app/webtrack.php?platform=calendar&type=fedex&code=779105443251&lang=en",2024-10-12'T'00:00:00.000'Z',2024-10-12,2024-10-13'T'00:00:00.000'Z',2024-10-13,2024-10-13T01:29:07.976Z,cancelled,7.79105E+11,https://parcel.app/webtrack.php?platform=calendar&type=fedex&code=779105443251&lang=en,2024-10-13T01:29:07.976Z,FedEx,FL1008-Z,
LBB1007 - UPS,"Tracking Number: 1ZGW18070321100020

Track on Website: https://parcel.app/webtrack.php?platform=calendar&type=ups&code=1ZGW18070321100020&lang=en",2024-10-11T17:15:00Z,2024-10-11T17:15:00Z,2024-10-11T19:15:00Z,2024-10-11T19:15:00Z,2024-10-15T04:29:08.333Z,cancelled,1ZGW18070321100020,https://parcel.app/webtrack.php?platform=calendar&type=ups&code=1ZGW18070321100020&lang=en,2024-10-15T04:29:08.333Z,UPS,LBB1007,
GA1008-LOTO - FedEx,"Tracking Number: 779105375107

Track on Website: https://parcel.app/webtrack.php?platform=calendar&type=fedex&code=779105375107&lang=en",2024-10-14'T'00:00:00.000'Z',2024-10-14,2024-10-15'T'00:00:00.000'Z',2024-10-15,2024-10-16T03:29:07.853Z,cancelled,7.79105E+11,https://parcel.app/webtrack.php?platform=calendar&type=fedex&code=779105375107&lang=en,2024-10-16T03:29:07.853Z,FedEx,GA1008-LOTO,
TX911 (Lotto) - UPS,"Tracking Number: 1ZGW61220312608489

Track on Website: https://parcel.app/webtrack.php?platform=calendar&type=ups&code=1ZGW61220312608489&lang=en",2024-09-16T13:30:00Z,2024-09-16T13:30:00Z,2024-09-16T17:30:00Z,2024-09-16T17:30:00Z,2024-10-16T21:41:25.746Z,cancelled,1ZGW61220312608489,https://parcel.app/webtrack.php?platform=calendar&type=ups&code=1ZGW61220312608489&lang=en,2024-10-16T21:41:25.746Z,UPS,TX911,
TX1011-PEPE - UPS,"Tracking Number: 1ZC71G770327249147

Track on Website: https://parcel.app/webtrack.php?platform=calendar&type=ups&code=1ZC71G770327249147&lang=en",2024-10-16T16:30:00Z,2024-10-16T16:30:00Z,2024-10-16T18:30:00Z,2024-10-16T18:30:00Z,2024-10-17T06:29:08.031Z,cancelled,1ZC71G770327249147,https://parcel.app/webtrack.php?platform=calendar&type=ups&code=1ZC71G770327249147&lang=en,2024-10-17T06:29:08.031Z,UPS,TX1011-PEPE,
IL912 (Lotto) - UPS,"Tracking Number: 1ZC71G770312951254

Track on Website: https://parcel.app/webtrack.php?platform=calendar&type=ups&code=1ZC71G770312951254&lang=en",2024-09-17'T'00:00:00.000'Z',2024-09-17,2024-09-18'T'00:00:00.000'Z',2024-09-18,2024-10-17T19:57:03.885Z,cancelled,1ZC71G770312951254,https://parcel.app/webtrack.php?platform=calendar&type=ups&code=1ZC71G770312951254&lang=en,2024-10-17T19:57:03.885Z,UPS,IL912,
DC911 (Cholo #1 C) - UPS,"Tracking Number: 1ZGW61220302931077

Track on Website: https://parcel.app/webtrack.php?platform=calendar&type=ups&code=1ZGW61220302931077&lang=en",2024-09-17T16:15:00Z,2024-09-17T16:15:00Z,2024-09-17T19:15:00Z,2024-09-17T19:15:00Z,2024-10-17T20:24:04.379Z,cancelled,1ZGW61220302931077,https://parcel.app/webtrack.php?platform=calendar&type=ups&code=1ZGW61220302931077&lang=en,2024-10-17T20:24:04.379Z,UPS,DC911,
ALHB910 (Seven) - UPS,"Tracking Number: 1ZGW18070333515417

Track on Website: https://parcel.app/webtrack.php?platform=calendar&type=ups&code=1ZGW18070333515417&lang=en",2024-09-16T13:00:00Z,2024-09-16T13:00:00Z,2024-09-16T15:00:00Z,2024-09-16T15:00:00Z,2024-10-17T20:28:54.502Z,cancelled,1ZGW18070333515417,https://parcel.app/webtrack.php?platform=calendar&type=ups&code=1ZGW18070333515417&lang=en,2024-10-17T20:28:54.502Z,UPS,ALHB910,
DC911 (Cholo #2 A) 778528659972 - FedEx,"Tracking Number: 778528659972

Track on Website: https://parcel.app/webtrack.php?platform=calendar&type=fedex&code=778528659972&lang=en",2024-09-17'T'00:00:00.000'Z',2024-09-17,2024-09-18'T'00:00:00.000'Z',2024-09-18,2024-10-18T04:01:13.700Z,cancelled,7.78529E+11,https://parcel.app/webtrack.php?platform=calendar&type=fedex&code=778528659972&lang=en,2024-10-18T04:01:13.700Z,FedEx,DC911,
TX1017-BC - UPS,"Tracking Number: 1ZC71G770308218528

Track on Website: https://parcel.app/webtrack.php?platform=calendar&type=ups&code=1ZC71G770308218528&lang=en",2024-10-22'T'00:00:00.000'Z',2024-10-22,2024-10-23'T'00:00:00.000'Z',2024-10-23,2024-10-18T05:29:07.688Z,cancelled,1ZC71G770308218528,https://parcel.app/webtrack.php?platform=calendar&type=ups&code=1ZC71G770308218528&lang=en,2024-10-18T05:29:07.688Z,UPS,TX1017-BC,
NC1017-LOTO - UPS,"Tracking Number: 1ZGW61220311143170

Track on Website: https://parcel.app/webtrack.php?platform=calendar&type=ups&code=1ZGW61220311143170&lang=en",2024-10-23'T'00:00:00.000'Z',2024-10-23,2024-10-24'T'00:00:00.000'Z',2024-10-24,2024-10-18T05:29:07.688Z,cancelled,1ZGW61220311143170,https://parcel.app/webtrack.php?platform=calendar&type=ups&code=1ZGW61220311143170&lang=en,2024-10-18T05:29:07.688Z,UPS,NC1017-LOTO,
VA1017B-SEVN - UPS,"Tracking Number: 1ZGW61220314144584

Track on Website: https://parcel.app/webtrack.php?platform=calendar&type=ups&code=1ZGW61220314144584&lang=en",2024-10-23'T'00:00:00.000'Z',2024-10-23,2024-10-24'T'00:00:00.000'Z',2024-10-24,2024-10-18T05:29:07.688Z,cancelled,1ZGW61220314144584,https://parcel.app/webtrack.php?platform=calendar&type=ups&code=1ZGW61220314144584&lang=en,2024-10-18T05:29:07.688Z,UPS,VA1017B-SEVN,
TX1017-LOTO - UPS,"Tracking Number: 1ZGW61220315626169

Track on Website: https://parcel.app/webtrack.php?platform=calendar&type=ups&code=1ZGW61220315626169&lang=en",2024-10-22T12:00:00Z,2024-10-22T12:00:00Z,2024-10-22T14:00:00Z,2024-10-22T14:00:00Z,2024-10-18T05:29:07.688Z,cancelled,1ZGW61220315626169,https://parcel.app/webtrack.php?platform=calendar&type=ups&code=1ZGW61220315626169&lang=en,2024-10-18T05:29:07.688Z,UPS,TX1017-LOTO,
VA1017A-SEVN - UPS,"Tracking Number: 1ZGW61220328209729

Track on Website: https://parcel.app/webtrack.php?platform=calendar&type=ups&code=1ZGW61220328209729&lang=en",2024-10-23'T'00:00:00.000'Z',2024-10-23,2024-10-24'T'00:00:00.000'Z',2024-10-24,2024-10-18T05:29:07.688Z,cancelled,1ZGW61220328209729,https://parcel.app/webtrack.php?platform=calendar&type=ups&code=1ZGW61220328209729&lang=en,2024-10-18T05:29:07.688Z,UPS,VA1017A-SEVN,
IL1017-LOTO - UPS,"Tracking Number: 1ZGW61220328872119

Track on Website: https://parcel.app/webtrack.php?platform=calendar&type=ups&code=1ZGW61220328872119&lang=en",2024-10-22T10:00:00Z,2024-10-22T10:00:00Z,2024-10-22T12:00:00Z,2024-10-22T12:00:00Z,2024-10-18T05:29:07.688Z,cancelled,1ZGW61220328872119,https://parcel.app/webtrack.php?platform=calendar&type=ups&code=1ZGW61220328872119&lang=en,2024-10-18T05:29:07.688Z,UPS,IL1017-LOTO,
MD1010-TEST1 - UPS,"Tracking Number: 1ZGW61220304101344

Track on Website: https://parcel.app/webtrack.php?platform=calendar&type=ups&code=1ZGW61220304101344&lang=en",2024-10-16'T'00:00:00.000'Z',2024-10-16,2024-10-17'T'00:00:00.000'Z',2024-10-17,2024-10-18T05:29:07.951Z,cancelled,1ZGW61220304101344,https://parcel.app/webtrack.php?platform=calendar&type=ups&code=1ZGW61220304101344&lang=en,2024-10-18T05:29:07.951Z,UPS,MD1010-TEST1,
VA1010-SPOB - UPS,"Tracking Number: 1ZGW61220308697552

Track on Website: https://parcel.app/webtrack.php?platform=calendar&type=ups&code=1ZGW61220308697552&lang=en",2024-10-16T14:15:00Z,2024-10-16T14:15:00Z,2024-10-16T18:15:00Z,2024-10-16T18:15:00Z,2024-10-18T05:29:07.951Z,cancelled,1ZGW61220308697552,https://parcel.app/webtrack.php?platform=calendar&type=ups&code=1ZGW61220308697552&lang=en,2024-10-18T05:29:07.951Z,UPS,VA1010-SPOB,
MD1010-TEST2 - FedEx,"Tracking Number: 779170258562

Track on Website: https://parcel.app/webtrack.php?platform=calendar&type=fedex&code=779170258562&lang=en",2024-10-17'T'00:00:00.000'Z',2024-10-17,2024-10-18'T'00:00:00.000'Z',2024-10-18,2024-10-18T05:29:07.951Z,cancelled,7.7917E+11,https://parcel.app/webtrack.php?platform=calendar&type=fedex&code=779170258562&lang=en,2024-10-18T05:29:07.951Z,FedEx,MD1010-TEST2,
KS1010-KC - FedEx,"Tracking Number: 779170294321

Track on Website: https://parcel.app/webtrack.php?platform=calendar&type=fedex&code=779170294321&lang=en",2024-10-17'T'00:00:00.000'Z',2024-10-17,2024-10-18'T'00:00:00.000'Z',2024-10-18,2024-10-18T05:29:07.951Z,cancelled,7.7917E+11,https://parcel.app/webtrack.php?platform=calendar&type=fedex&code=779170294321&lang=en,2024-10-18T05:29:07.951Z,FedEx,KS1010-KC,
DC1011-TEST3 - FedEx,"Tracking Number: 779197706727

Track on Website: https://parcel.app/webtrack.php?platform=calendar&type=fedex&code=779197706727&lang=en",2024-10-17'T'00:00:00.000'Z',2024-10-17,2024-10-18'T'00:00:00.000'Z',2024-10-18,2024-10-18T05:29:07.951Z,cancelled,7.79198E+11,https://parcel.app/webtrack.php?platform=calendar&type=fedex&code=779197706727&lang=en,2024-10-18T05:29:07.951Z,FedEx,DC1011-TEST3,
GA1014-LOTO - UPS,"Tracking Number: 1ZGW61220322805505

Track on Website: https://parcel.app/webtrack.php?platform=calendar&type=ups&code=1ZGW61220322805505&lang=en",2024-10-18T14:15:00Z,2024-10-18T14:15:00Z,2024-10-18T18:15:00Z,2024-10-18T18:15:00Z,2024-10-18T16:29:08.225Z,cancelled,1ZGW61220322805505,https://parcel.app/webtrack.php?platform=calendar&type=ups&code=1ZGW61220322805505&lang=en,2024-10-18T16:29:08.225Z,UPS,GA1014-LOTO,
LBB1017-CMTK - UPS,"Tracking Number: 1ZY0710W0302852169

Track on Website: https://parcel.app/webtrack.php?platform=calendar&type=ups&code=1ZY0710W0302852169&lang=en",2024-10-24T11:15:00Z,2024-10-24T11:15:00Z,2024-10-24T14:15:00Z,2024-10-24T14:15:00Z,2024-10-19T04:29:08.109Z,cancelled,,,2024-10-19T04:29:08.109Z,UPS,LBB1017-CMTK,
NC1017-LOTO - UPS,"Tracking Number: 1ZGW61220311143170

Track on Website: https://parcel.app/webtrack.php?platform=calendar&type=ups&code=1ZGW61220311143170&lang=en",10/23/2024 12:00 AM GMT,10/23/2024 12:00 AM GMT,10/24/2024 12:00 AM GMT,10/24/2024 12:00 AM GMT,10/18/2024 5:29 AM GMT,cancelled,1ZGW61220311143170,https://parcel.app/webtrack.php?platform=calendar&type=ups&code=1ZGW61220311143170&lang=en,10/18/2024 5:29 AM GMT,UPS,NC1017-LOTO,
VA1017B-SEVN - UPS,"Tracking Number: 1ZGW61220314144584

Track on Website: https://parcel.app/webtrack.php?platform=calendar&type=ups&code=1ZGW61220314144584&lang=en",10/23/2024 12:00 AM GMT,10/23/2024 12:00 AM GMT,10/24/2024 12:00 AM GMT,10/24/2024 12:00 AM GMT,10/18/2024 5:29 AM GMT,cancelled,1ZGW61220314144584,https://parcel.app/webtrack.php?platform=calendar&type=ups&code=1ZGW61220314144584&lang=en,10/24/2024 8:26 AM GMT,UPS,VA1017B-SEVN,
VA1017A-SEVN - UPS,"Tracking Number: 1ZGW61220328209729

Track on Website: https://parcel.app/webtrack.php?platform=calendar&type=ups&code=1ZGW61220328209729&lang=en",10/23/2024 12:00 AM GMT,10/23/2024 12:00 AM GMT,10/24/2024 12:00 AM GMT,10/24/2024 12:00 AM GMT,10/18/2024 5:29 AM GMT,cancelled,1ZGW61220328209729,https://parcel.app/webtrack.php?platform=calendar&type=ups&code=1ZGW61220328209729&lang=en,10/24/2024 8:26 AM GMT,UPS,VA1017A-SEVN,
LBB1017-CMTK - UPS,"Tracking Number: 1ZY0710W0302852169

Track on Website: https://parcel.app/webtrack.php?platform=calendar&type=ups&code=1ZY0710W0302852169&lang=en",10/24/2024 11:15 AM GMT,10/24/2024 11:15 AM GMT,10/24/2024 2:15 PM GMT,10/24/2024 2:15 PM GMT,10/19/2024 4:29 AM GMT,cancelled,1ZY0710W0302852169,https://parcel.app/webtrack.php?platform=calendar&type=ups&code=1ZY0710W0302852169&lang=en,10/25/2024 5:26 AM GMT,UPS,BB1017-CMTK,
VA1019E-SEVN - UPS,"Tracking Number: 1ZC71G770310072136

Track on Website: https://parcel.app/webtrack.php?platform=calendar&type=ups&code=1ZC71G770310072136&lang=en",10/25/2024 12:00 AM GMT,10/25/2024 12:00 AM GMT,10/26/2024 12:00 AM GMT,10/26/2024 12:00 AM GMT,10/20/2024 7:29 AM GMT,cancelled,1ZC71G770310072136,https://parcel.app/webtrack.php?platform=calendar&type=ups&code=1ZC71G770310072136&lang=en,10/28/2024 8:26 PM GMT,UPS,VA1019E-SEVN,
VA1018D-SEVN - FedEx,"Tracking Number: 779365217227

Track on Website: https://parcel.app/webtrack.php?platform=calendar&type=fedex&code=779365217227&lang=en",10/29/2024 12:00 AM GMT,10/29/2024 12:00 AM GMT,10/30/2024 12:00 AM GMT,10/30/2024 12:00 AM GMT,10/29/2024 3:29 AM GMT,cancelled,7.79365E+11,https://parcel.app/webtrack.php?platform=calendar&type=fedex&code=779365217227&lang=en,10/29/2024 11:26 PM GMT,FedEx,VA1018D-SEVN,
VA1018C-SEVN - FedEx,"Tracking Number: 779365217216

Track on Website: https://parcel.app/webtrack.php?platform=calendar&type=fedex&code=779365217216&lang=en",10/25/2024 12:00 AM GMT,10/25/2024 12:00 AM GMT,10/26/2024 12:00 AM GMT,10/26/2024 12:00 AM GMT,10/25/2024 2:29 PM GMT,cancelled,7.79365E+11,https://parcel.app/webtrack.php?platform=calendar&type=fedex&code=779365217216&lang=en,10/25/2024 8:26 PM GMT,FedEx,VA1018C-SEVN,
SGB1022-SEVN - UPS,"Tracking Number: 1ZGW18070313265252

Track on Website: https://parcel.app/webtrack.php?platform=calendar&type=ups&code=1ZGW18070313265252&lang=en",10/28/2024 12:00 AM GMT,10/28/2024 12:00 AM GMT,10/29/2024 12:00 AM GMT,10/29/2024 12:00 AM GMT,10/23/2024 1:29 AM GMT,cancelled,1ZGW18070313265252,https://parcel.app/webtrack.php?platform=calendar&type=ups&code=1ZGW18070313265252&lang=en,10/29/2024 3:26 AM GMT,UPS,GB1022-SEVN,
TX1023-CARL - UPS,"Tracking Number: 1ZC71G770305962354

Track on Website: https://parcel.app/webtrack.php?platform=calendar&type=ups&code=1ZC71G770305962354&lang=en",10/26/2024 2:00 PM GMT,10/26/2024 2:00 PM GMT,10/26/2024 6:00 PM GMT,10/26/2024 6:00 PM GMT,10/24/2024 8:29 AM GMT,cancelled,1ZC71G770305962354,https://parcel.app/webtrack.php?platform=calendar&type=ups&code=1ZC71G770305962354&lang=en,10/26/2024 11:26 PM GMT,UPS,TX1023-CARL,
NC1023-LOTO - UPS,"Tracking Number: 1ZC71G770317286741

Track on Website: https://parcel.app/webtrack.php?platform=calendar&type=ups&code=1ZC71G770317286741&lang=en",10/29/2024 12:30 PM GMT,10/29/2024 12:30 PM GMT,10/29/2024 3:30 PM GMT,10/29/2024 3:30 PM GMT,10/24/2024 8:29 AM GMT,cancelled,1ZC71G770317286741,https://parcel.app/webtrack.php?platform=calendar&type=ups&code=1ZC71G770317286741&lang=en,10/30/2024 9:06 AM GMT,UPS,NC1023-LOTO,
IL1023-LOTO - UPS,"Tracking Number: 1ZC71G770326911155

Track on Website: https://parcel.app/webtrack.php?platform=calendar&type=ups&code=1ZC71G770326911155&lang=en",10/26/2024 2:00 PM GMT,10/26/2024 2:00 PM GMT,10/26/2024 6:00 PM GMT,10/26/2024 6:00 PM GMT,10/26/2024 7:29 AM GMT,cancelled,1ZC71G770326911155,https://parcel.app/webtrack.php?platform=calendar&type=ups&code=1ZC71G770326911155&lang=en,10/26/2024 11:26 PM GMT,UPS,IL1023-LOTO,
AL1023-LOTO - UPS,"Tracking Number: 1ZC71G770331377161

Track on Website: https://parcel.app/webtrack.php?platform=calendar&type=ups&code=1ZC71G770331377161&lang=en",10/29/2024 12:00 AM GMT,10/29/2024 12:00 AM GMT,10/30/2024 12:00 AM GMT,10/30/2024 12:00 AM GMT,10/24/2024 8:29 AM GMT,cancelled,1ZC71G770331377161,https://parcel.app/webtrack.php?platform=calendar&type=ups&code=1ZC71G770331377161&lang=en,10/29/2024 11:26 PM GMT,UPS,AL1023-LOTO,
IL1023-SW - UPS,"Tracking Number: 1ZGW61220317766399

Track on Website: https://parcel.app/webtrack.php?platform=calendar&type=ups&code=1ZGW61220317766399&lang=en",10/26/2024 2:00 PM GMT,10/26/2024 2:00 PM GMT,10/26/2024 6:00 PM GMT,10/26/2024 6:00 PM GMT,10/26/2024 1:29 AM GMT,cancelled,1ZGW61220317766399,https://parcel.app/webtrack.php?platform=calendar&type=ups&code=1ZGW61220317766399&lang=en,10/26/2024 11:26 PM GMT,UPS,IL1023-SW,
TN1026-BO - FedEx,"Tracking Number: 779538436399

Track on Website: https://parcel.app/webtrack.php?platform=calendar&type=fedex&code=779538436399&lang=en",11/01/2024 12:00 AM GMT,11/01/2024 12:00 AM GMT,11/02/2024 12:00 AM GMT,11/02/2024 12:00 AM GMT,10/27/2024 8:29 AM GMT,cancelled,7.79538E+11,https://parcel.app/webtrack.php?platform=calendar&type=fedex&code=779538436399&lang=en,10/30/2024 9:06 AM GMT,FedEx,TN1026-BO,
ALHB1025-CMTK - UPS,"Tracking Number: 1ZGW18070307078663

Track on Website: https://parcel.app/webtrack.php?platform=calendar&type=ups&code=1ZGW18070307078663&lang=en",11/01/2024 11:45 AM GMT,11/01/2024 11:45 AM GMT,11/01/2024 1:45 PM GMT,11/01/2024 1:45 PM GMT,10/29/2024 3:29 AM GMT,cancelled,1ZGW18070307078663,https://parcel.app/webtrack.php?platform=calendar&type=ups&code=1ZGW18070307078663&lang=en,10/30/2024 9:06 AM GMT,UPS,HB1025-CMTK,
DC1028B-Test - UPS,"Tracking Number: 1ZGW61220314984604

Track on Website: https://parcel.app/webtrack.php?platform=calendar&type=ups&code=1ZGW61220314984604&lang=en",11/01/2024 2:15 PM GMT,11/01/2024 2:15 PM GMT,11/01/2024 4:15 PM GMT,11/01/2024 4:15 PM GMT,10/29/2024 3:29 AM GMT,cancelled,1ZGW61220314984604,https://parcel.app/webtrack.php?platform=calendar&type=ups&code=1ZGW61220314984604&lang=en,10/30/2024 9:06 AM GMT,UPS,DC1028B-T,
DC1028A-Test - UPS,"Tracking Number: 1ZGW61220338918337

Track on Website: https://parcel.app/webtrack.php?platform=calendar&type=ups&code=1ZGW61220338918337&lang=en",11/01/2024 2:15 PM GMT,11/01/2024 2:15 PM GMT,11/01/2024 4:15 PM GMT,11/01/2024 4:15 PM GMT,10/29/2024 3:29 AM GMT,cancelled,1ZGW61220338918337,https://parcel.app/webtrack.php?platform=calendar&type=ups&code=1ZGW61220338918337&lang=en,10/30/2024 9:06 AM GMT,UPS,DC1028A-T,
VA1028A-Bo - FedEx,"Tracking Number: 779579633877

Track on Website: https://parcel.app/webtrack.php?platform=calendar&type=fedex&code=779579633877&lang=en",11/01/2024 12:00 AM GMT,11/01/2024 12:00 AM GMT,11/02/2024 12:00 AM GMT,11/02/2024 12:00 AM GMT,10/29/2024 3:29 AM GMT,cancelled,7.7958E+11,https://parcel.app/webtrack.php?platform=calendar&type=fedex&code=779579633877&lang=en,10/30/2024 9:06 AM GMT,FedEx,VA1028A-B,
VA1028B-Bo - FedEx,"Tracking Number: 779579633888

Track on Website: https://parcel.app/webtrack.php?platform=calendar&type=fedex&code=779579633888&lang=en",11/01/2024 12:00 AM GMT,11/01/2024 12:00 AM GMT,11/02/2024 12:00 AM GMT,11/02/2024 12:00 AM GMT,10/29/2024 5:29 PM GMT,cancelled,7.7958E+11,https://parcel.app/webtrack.php?platform=calendar&type=fedex&code=779579633888&lang=en,10/30/2024 9:06 AM GMT,FedEx,VA1028B-B,
FL1029-Z - UPS,"Tracking Number: 1ZGW61220308215214

Track on Website: https://parcel.app/webtrack.php?platform=calendar&type=ups&code=1ZGW61220308215214&lang=en",11/04/2024 1:15 PM GMT,11/04/2024 1:15 PM GMT,11/04/2024 4:15 PM GMT,11/04/2024 4:15 PM GMT,10/30/2024 5:29 AM GMT,cancelled,1ZGW61220308215214,https://parcel.app/webtrack.php?platform=calendar&type=ups&code=1ZGW61220308215214&lang=en,10/30/2024 9:06 AM GMT,UPS,FL1029-Z,
GA1125-LOTO - UPS,"Tracking Number: 1ZC71G770321767213

Track on Website: https://parcel.app/webtrack.php?platform=calendar&type=ups&code=1ZC71G770321767213&lang=en",2024-12-03,11:45:00Z,2024-12-03,14:45:00Z,2024-11-27 2:29,confirmed,1ZC71G770321767213,https://parcel.app/webtrack.php?platform=calendar&type=ups&code=1ZC71G770321767213&lang=en,,UPS,GA1125-LOTO,GA
MD1127C-SEVN - UPS,"Tracking Number: 1ZGW61220318221546

Track on Website: https://parcel.app/webtrack.php?platform=calendar&type=ups&code=1ZGW61220318221546&lang=en",2024-12-05,12:00:00Z,2024-12-05,16:00:00Z,2024-11-28 4:29,confirmed,1ZGW61220318221546,https://parcel.app/webtrack.php?platform=calendar&type=ups&code=1ZGW61220318221546&lang=en,,UPS,MD1127C-SEVN,MD
MD1127D-SEVN - UPS,"Tracking Number: 1ZGW61220320114318

Track on Website: https://parcel.app/webtrack.php?platform=calendar&type=ups&code=1ZGW61220320114318&lang=en",2024-12-05,12:00:00Z,2024-12-05,16:00:00Z,2024-11-28 4:29,confirmed,1ZGW61220320114318,https://parcel.app/webtrack.php?platform=calendar&type=ups&code=1ZGW61220320114318&lang=en,,UPS,MD1127D-SEVN,MD
MD1129E-SEVN - UPS,"Tracking Number: 1ZC71G770328657221

Track on Website: https://parcel.app/webtrack.php?platform=calendar&type=ups&code=1ZC71G770328657221&lang=en",2024-12-06,12:00:00Z,2024-12-06,16:00:00Z,2024-11-30 1:29,confirmed,1ZC71G770328657221,https://parcel.app/webtrack.php?platform=calendar&type=ups&code=1ZC71G770328657221&lang=en,,UPS,MD1129E-SEVN,MD
MD1129A-CHO - FedEx,"Tracking Number: 770345079286

Track on Website: https://parcel.app/webtrack.php?platform=calendar&type=fedex&code=770345079286&lang=en",2024-12-05,,2024-12-06,,2024-11-30 8:29,confirmed,7.70345E+11,https://parcel.app/webtrack.php?platform=calendar&type=fedex&code=770345079286&lang=en,,FedEx,MD1129A-CHO,MD
MD1129B-CHO - FedEx,"Tracking Number: 770345233810

Track on Website: https://parcel.app/webtrack.php?platform=calendar&type=fedex&code=770345233810&lang=en",2024-12-05,,2024-12-06,,2024-11-30 8:29,confirmed,7.70345E+11,https://parcel.app/webtrack.php?platform=calendar&type=fedex&code=770345233810&lang=en,,FedEx,MD1129B-CHO,MD
